Date,Product,Category,Price,Quantity,Sales,Country,Region,Payment_Method
2023-06-15,Headphones,Electronics,358,3,1074,Spain,East,Cash
2023-08-24,Tablet,Electronics,1842,6,11052,Spain,West,Cash
2023-04-03,Headphones,Electronics,362,1,362,France,West,Cash
2023-02-26,Monitor,Electronics,58,6,348,Spain,North,Cash
2023-02-10,Monitor,Electronics,956,2,1912,Morocco,West,Cash
2023-11-04,Keyboard,Electronics,213,4,852,Spain,South,Cash
2023-01-31,Laptop,Electronics,1127,7,7889,France,East,Cash
2023-11-26,Laptop,Electronics,1711,1,1711,Germany,North,Card
2023-10-26,Keyboard,Electronics,1522,7,10654,Italy,North,Card
2023-02-25,Headphones,Electronics,1932,5,9660,Spain,West,Card
2023-10-24,Table,Furniture,1082,2,2164,France,North,Card
2023-03-09,Laptop,Electronics,704,4,2816,Germany,South,Card
2023-07-19,Keyboard,Electronics,97,2,194,Italy,West,Cash
2023-04-12,Phone,Electronics,1638,2,3276,Italy,West,Online
2023-03-12,Tablet,Electronics,1926,10,19260,Spain,West,Online
2023-12-14,Phone,Electronics,1228,8,9824,Spain,West,Online
2023-02-21,Notebook,Stationery,1946,2,3892,Italy,East,Card
2023-10-30,Tablet,Electronics,154,5,770,Spain,East,Online
2023-02-22,Pen,Stationery,548,4,2192,France,East,Card
2023-07-02,Table,Furniture,955,8,7640,Germany,East,Card
2023-02-21,Tablet,Electronics,1517,3,4551,Germany,South,Online
2023-06-20,Table,Furniture,1603,4,6412,Spain,East,Online
2023-11-09,Laptop,Electronics,460,9,4140,Morocco,South,Cash
2023-05-21,Pen,Stationery,957,3,2871,Morocco,West,Card
2023-11-06,Headphones,Electronics,318,2,636,Morocco,South,Cash
2023-11-17,Monitor,Electronics,69,10,690,France,North,Card
2023-10-18,Pen,Stationery,1055,7,7385,Italy,South,Cash
2023-09-14,Laptop,Electronics,1287,1,1287,Germany,North,Online
2023-05-31,Chair,Furniture,840,6,5040,France,North,Online
2023-07-01,Headphones,Electronics,771,9,6939,Germany,South,Online
2023-09-21,Table,Furniture,671,2,1342,France,South,Cash
2023-02-21,Phone,Electronics,444,5,2220,Morocco,East,Cash
2023-12-23,Monitor,Electronics,1374,7,9618,Italy,West,Card
2023-12-18,Headphones,Electronics,979,4,3916,Germany,West,Cash
2023-09-02,Keyboard,Electronics,1498,8,11984,Germany,South,Card
2023-12-11,Pen,Stationery,81,8,648,France,North,Online
2023-12-15,Phone,Electronics,950,5,4750,Morocco,West,Cash
2023-11-07,Phone,Electronics,1730,8,13840,Morocco,West,Card
2023-04-11,Headphones,Electronics,941,3,2823,Italy,North,Card
2023-12-16,Laptop,Electronics,206,1,206,Germany,North,Online
2023-12-11,Table,Furniture,77,3,231,France,East,Card
2023-09-25,Keyboard,Electronics,293,4,1172,Italy,South,Online
2023-03-27,Tablet,Electronics,1711,9,15399,Italy,North,Card
2023-07-06,Tablet,Electronics,86,9,774,Morocco,South,Cash
2023-05-16,Headphones,Electronics,1564,2,3128,Italy,South,Card
2023-08-16,Notebook,Stationery,1623,7,11361,Spain,South,Card
2023-01-20,Notebook,Stationery,1704,1,1704,France,East,Card
2023-04-23,Pen,Stationery,1759,2,3518,Italy,East,Card
2023-07-28,Table,Furniture,206,4,824,Spain,North,Cash
2023-08-08,Keyboard,Electronics,1845,9,16605,Italy,West,Cash
2023-08-09,Monitor,Electronics,470,4,1880,France,North,Card
2023-02-17,Monitor,Electronics,1454,3,4362,Germany,North,Cash
2023-06-14,Tablet,Electronics,1821,3,5463,Italy,West,Cash
2023-06-15,Chair,Furniture,449,6,2694,Spain,South,Online
2023-11-09,Pen,Stationery,180,5,900,Germany,South,Cash
2023-06-22,Pen,Stationery,1118,1,1118,Morocco,North,Card
2023-05-04,Monitor,Electronics,1931,1,1931,France,East,Cash
2023-07-09,Laptop,Electronics,1446,1,1446,Spain,North,Card
2023-02-04,Keyboard,Electronics,1124,9,10116,France,East,Card
2023-01-14,Keyboard,Electronics,1280,8,10240,Germany,South,Cash
2023-03-28,Laptop,Electronics,1076,8,8608,Italy,North,Cash
2023-02-11,Phone,Electronics,1484,10,14840,Morocco,South,Online
2023-11-26,Laptop,Electronics,751,10,7510,Morocco,West,Online
2023-11-08,Tablet,Electronics,993,3,2979,France,South,Cash
2023-11-28,Table,Furniture,1215,9,10935,Spain,East,Online
2023-09-02,Pen,Stationery,178,4,712,Morocco,South,Card
2023-05-03,Keyboard,Electronics,732,1,732,Spain,South,Cash
2023-05-29,Keyboard,Electronics,715,8,5720,Germany,West,Cash
2023-03-26,Laptop,Electronics,488,3,1464,Italy,East,Cash
2023-03-11,Table,Furniture,1152,7,8064,Italy,South,Online
2023-01-12,Pen,Stationery,565,7,3955,Italy,North,Online
2023-04-12,Laptop,Electronics,770,6,4620,Morocco,South,Cash
2023-01-18,Monitor,Electronics,1797,7,12579,France,East,Cash
2023-01-04,Pen,Stationery,1028,2,2056,Italy,West,Cash
2023-05-27,Pen,Stationery,105,4,420,Germany,East,Online
2023-05-01,Chair,Furniture,1243,1,1243,Italy,East,Cash
2023-08-06,Laptop,Electronics,946,3,2838,Morocco,South,Online
2023-02-05,Headphones,Electronics,1841,1,1841,Spain,East,Online
2023-11-05,Monitor,Electronics,190,2,380,Morocco,North,Cash
2023-11-09,Table,Furniture,1948,3,5844,France,South,Online
2023-08-02,Notebook,Stationery,414,7,2898,France,East,Cash
2023-05-17,Monitor,Electronics,902,3,2706,Italy,North,Online
2023-05-08,Notebook,Stationery,1742,4,6968,Morocco,West,Online
2023-10-18,Chair,Furniture,1879,9,16911,Germany,West,Online
2023-07-19,Notebook,Stationery,1504,2,3008,France,West,Card
2023-09-01,Headphones,Electronics,1242,6,7452,Spain,South,Online
2023-08-18,Phone,Electronics,1197,6,7182,Italy,North,Cash
2023-05-02,Laptop,Electronics,1631,6,9786,Spain,South,Card
2023-04-19,Laptop,Electronics,35,4,140,Italy,North,Cash
2023-12-27,Phone,Electronics,1647,5,8235,Spain,West,Cash
2023-11-21,Headphones,Electronics,727,1,727,Morocco,West,Online
2023-03-18,Keyboard,Electronics,1197,5,5985,Italy,East,Cash
2023-02-18,Laptop,Electronics,679,6,4074,Spain,South,Online
2023-10-07,Headphones,Electronics,91,10,910,Germany,East,Cash
2023-07-18,Table,Furniture,273,4,1092,Germany,South,Online
2023-03-30,Table,Furniture,294,8,2352,Morocco,West,Cash
2023-03-01,Pen,Stationery,1782,10,17820,Morocco,West,Card
2023-01-30,Chair,Furniture,826,4,3304,Germany,East,Cash
2023-05-12,Monitor,Electronics,1664,9,14976,Italy,East,Online
2023-03-09,Chair,Furniture,361,10,3610,Germany,East,Cash
2023-12-10,Laptop,Electronics,473,9,4257,Spain,West,Cash
2023-05-20,Laptop,Electronics,1510,8,12080,Spain,East,Cash
2023-11-22,Monitor,Electronics,1386,2,2772,Germany,North,Online
2023-01-19,Chair,Furniture,995,1,995,Germany,East,Online
2023-03-31,Chair,Furniture,1797,4,7188,Germany,North,Online
2023-08-28,Phone,Electronics,470,3,1410,Spain,West,Cash
2023-05-08,Pen,Stationery,1406,2,2812,Italy,South,Card
2023-09-11,Keyboard,Electronics,1897,8,15176,France,West,Card
2023-11-30,Monitor,Electronics,452,7,3164,Morocco,East,Card
2023-02-21,Monitor,Electronics,1684,1,1684,Italy,North,Online
2023-07-19,Laptop,Electronics,1558,7,10906,Italy,East,Online
2023-12-19,Keyboard,Electronics,1439,1,1439,Germany,North,Cash
2023-10-01,Table,Furniture,1133,8,9064,Italy,North,Cash
2023-02-02,Pen,Stationery,1773,4,7092,Morocco,North,Online
2023-01-23,Table,Furniture,1528,3,4584,Spain,North,Online
2023-08-24,Keyboard,Electronics,528,10,5280,France,South,Online
2023-12-14,Table,Furniture,33,7,231,France,East,Cash
2023-11-27,Pen,Stationery,912,10,9120,Morocco,North,Cash
2023-08-18,Chair,Furniture,1286,3,3858,Morocco,South,Online
2023-01-26,Headphones,Electronics,1930,5,9650,Italy,North,Online
2023-01-29,Laptop,Electronics,1469,10,14690,Germany,East,Cash
2023-10-26,Keyboard,Electronics,1407,2,2814,Morocco,West,Card
2023-12-17,Tablet,Electronics,1799,3,5397,Italy,North,Online
2023-09-03,Keyboard,Electronics,1600,10,16000,Italy,North,Cash
2023-03-21,Table,Furniture,893,8,7144,Morocco,East,Card
2023-05-19,Table,Furniture,470,3,1410,Italy,South,Card
2023-05-15,Table,Furniture,616,2,1232,Morocco,East,Cash
2023-04-15,Notebook,Stationery,354,2,708,Italy,West,Cash
2023-08-26,Tablet,Electronics,742,7,5194,Germany,North,Card
2023-08-09,Monitor,Electronics,1327,9,11943,Germany,South,Online
2023-03-31,Pen,Stationery,1551,1,1551,Morocco,South,Card
2023-12-20,Chair,Furniture,215,5,1075,Germany,East,Card
2023-04-15,Keyboard,Electronics,1857,10,18570,Spain,South,Online
2023-07-14,Phone,Electronics,778,10,7780,France,South,Card
2023-06-30,Tablet,Electronics,949,2,1898,Spain,South,Cash
2023-08-06,Headphones,Electronics,561,5,2805,France,East,Online
2023-03-26,Pen,Stationery,958,1,958,Morocco,South,Cash
2023-02-17,Monitor,Electronics,553,7,3871,Spain,East,Card
2023-04-18,Table,Furniture,1994,10,19940,France,East,Online
2023-01-07,Notebook,Stationery,790,8,6320,Spain,West,Cash
2023-07-03,Keyboard,Electronics,206,9,1854,Germany,North,Card
2023-10-02,Pen,Stationery,105,9,945,Italy,North,Card
2023-02-10,Pen,Stationery,726,9,6534,Spain,West,Card
2023-01-07,Monitor,Electronics,1843,9,16587,Italy,West,Cash
2023-04-26,Notebook,Stationery,750,1,750,Italy,West,Cash
2023-02-01,Pen,Stationery,1224,2,2448,Germany,East,Card
2023-02-15,Pen,Stationery,304,4,1216,Morocco,East,Card
2023-03-02,Monitor,Electronics,1026,2,2052,Germany,South,Card
2023-07-04,Laptop,Electronics,1279,8,10232,Italy,East,Card
2023-08-04,Keyboard,Electronics,926,8,7408,Italy,West,Online
2023-07-23,Keyboard,Electronics,381,7,2667,Germany,East,Cash
2023-02-15,Table,Furniture,261,7,1827,Spain,North,Card
2023-02-21,Phone,Electronics,1301,6,7806,Spain,North,Online
2023-05-07,Notebook,Stationery,1347,2,2694,Italy,West,Cash
2023-08-02,Chair,Furniture,1141,8,9128,Germany,West,Online
2023-01-02,Phone,Electronics,475,5,2375,Italy,North,Cash
2023-05-05,Monitor,Electronics,1145,8,9160,Germany,North,Online
2023-06-01,Keyboard,Electronics,97,8,776,Italy,East,Card
2023-12-10,Tablet,Electronics,1284,9,11556,Germany,East,Card
2023-05-27,Notebook,Stationery,1986,4,7944,Italy,East,Cash
2023-01-30,Laptop,Electronics,513,10,5130,Germany,West,Cash
2023-09-12,Phone,Electronics,220,6,1320,Morocco,East,Online
2023-12-01,Laptop,Electronics,602,4,2408,France,West,Cash
2023-10-06,Headphones,Electronics,1111,6,6666,Morocco,East,Online
2023-04-29,Laptop,Electronics,168,4,672,Italy,North,Cash
2023-01-03,Table,Furniture,1522,1,1522,France,North,Online
2023-08-24,Tablet,Electronics,320,8,2560,Spain,North,Card
2023-03-22,Phone,Electronics,323,6,1938,Spain,North,Cash
2023-08-15,Tablet,Electronics,929,1,929,Germany,East,Online
2023-10-27,Monitor,Electronics,1487,9,13383,Spain,South,Online
2023-06-12,Phone,Electronics,1635,2,3270,Morocco,East,Cash
2023-12-05,Tablet,Electronics,353,1,353,Italy,North,Online
2023-07-04,Laptop,Electronics,1163,7,8141,Morocco,West,Online
2023-07-15,Table,Furniture,1667,10,16670,Spain,South,Online
2023-06-04,Monitor,Electronics,1217,6,7302,France,North,Card
2023-12-13,Notebook,Stationery,765,7,5355,Italy,East,Cash
2023-02-16,Chair,Furniture,1557,9,14013,Italy,West,Card
2023-09-13,Tablet,Electronics,908,9,8172,France,South,Online
2023-06-14,Monitor,Electronics,346,6,2076,Italy,South,Online
2023-01-29,Monitor,Electronics,1239,10,12390,Germany,East,Online
2023-12-23,Tablet,Electronics,1185,2,2370,France,North,Card
2023-03-02,Headphones,Electronics,872,9,7848,France,East,Cash
2023-08-22,Chair,Furniture,266,5,1330,Italy,South,Online
2023-12-18,Keyboard,Electronics,1558,2,3116,Germany,North,Cash
2023-06-07,Phone,Electronics,154,7,1078,Germany,South,Card
2023-02-26,Laptop,Electronics,1741,10,17410,Italy,East,Online
2023-01-15,Headphones,Electronics,1845,10,18450,Morocco,North,Online
2023-08-14,Monitor,Electronics,1292,7,9044,Germany,East,Cash
2023-12-31,Monitor,Electronics,985,4,3940,Morocco,North,Card
2023-02-22,Pen,Stationery,840,2,1680,Morocco,West,Card
2023-02-28,Laptop,Electronics,854,9,7686,Spain,North,Card
2023-02-12,Notebook,Stationery,87,4,348,Spain,East,Online
2023-09-15,Notebook,Stationery,431,2,862,France,South,Cash
2023-06-03,Notebook,Stationery,466,2,932,Morocco,South,Online
2023-10-13,Notebook,Stationery,252,10,2520,Germany,East,Online
2023-01-01,Chair,Furniture,1782,3,5346,Spain,East,Card
2023-07-22,Phone,Electronics,967,7,6769,Spain,West,Online
2023-02-11,Chair,Furniture,1331,7,9317,Germany,South,Online
2023-02-16,Phone,Electronics,840,3,2520,Morocco,East,Cash
2023-04-27,Headphones,Electronics,585,8,4680,Morocco,West,Online
2023-04-03,Notebook,Stationery,1240,10,12400,Germany,South,Cash
2023-04-27,Chair,Furniture,494,1,494,Spain,East,Online
2023-08-07,Monitor,Electronics,493,2,986,France,West,Cash
2023-10-23,Laptop,Electronics,801,2,1602,Morocco,East,Cash
2023-10-27,Keyboard,Electronics,1635,7,11445,Morocco,East,Cash
2023-06-02,Headphones,Electronics,478,7,3346,Germany,South,Online
2023-11-22,Monitor,Electronics,745,6,4470,Germany,North,Online
2023-11-07,Headphones,Electronics,1329,2,2658,France,West,Cash
2023-06-15,Pen,Stationery,1484,6,8904,Spain,South,Card
2023-04-04,Laptop,Electronics,766,8,6128,Morocco,East,Card
2023-05-11,Chair,Furniture,569,1,569,France,East,Cash
2023-12-22,Laptop,Electronics,767,5,3835,Spain,West,Online
2023-06-30,Laptop,Electronics,354,10,3540,France,South,Online
2023-02-11,Tablet,Electronics,1849,3,5547,Morocco,East,Online
2023-12-05,Monitor,Electronics,1399,7,9793,Morocco,West,Online
2023-06-04,Table,Furniture,1110,2,2220,France,West,Cash
2023-05-20,Table,Furniture,1698,8,13584,France,West,Card
2023-06-17,Table,Furniture,1243,8,9944,France,South,Cash
2023-08-20,Keyboard,Electronics,766,4,3064,Spain,West,Online
2023-03-01,Table,Furniture,1574,8,12592,France,West,Online
2023-02-18,Phone,Electronics,1697,3,5091,Italy,South,Online
2023-10-21,Table,Furniture,1778,8,14224,Italy,South,Card
2023-06-24,Notebook,Stationery,1880,10,18800,France,North,Cash
2023-01-21,Phone,Electronics,617,4,2468,Italy,North,Card
2023-03-26,Headphones,Electronics,1696,5,8480,Morocco,West,Cash
2023-06-29,Laptop,Electronics,1535,4,6140,Spain,East,Online
2023-08-31,Pen,Stationery,1606,7,11242,Italy,South,Card
2023-02-13,Headphones,Electronics,1767,8,14136,Spain,West,Card
2023-09-27,Keyboard,Electronics,549,8,4392,Germany,East,Card
2023-06-29,Chair,Furniture,1767,10,17670,Spain,West,Cash
2023-05-03,Table,Furniture,841,7,5887,Spain,South,Card
2023-10-04,Headphones,Electronics,147,10,1470,Germany,South,Cash
2023-05-27,Table,Furniture,65,6,390,Morocco,South,Online
2023-11-17,Headphones,Electronics,1903,10,19030,Germany,South,Cash
2023-03-22,Monitor,Electronics,454,6,2724,Italy,East,Cash
2023-07-24,Table,Furniture,1081,7,7567,Germany,West,Card
2023-09-21,Tablet,Electronics,1653,1,1653,Italy,South,Cash
2023-07-16,Chair,Furniture,575,6,3450,Morocco,North,Online
2023-04-03,Monitor,Electronics,1085,10,10850,Germany,South,Card
2023-03-10,Table,Furniture,127,1,127,France,North,Online
2023-09-28,Laptop,Electronics,118,2,236,Morocco,South,Online
2023-11-17,Pen,Stationery,1985,9,17865,Spain,West,Online
2023-10-23,Table,Furniture,1953,6,11718,Spain,East,Card
2023-03-21,Notebook,Stationery,1634,8,13072,Germany,South,Online
2023-04-20,Laptop,Electronics,471,7,3297,France,West,Online
2023-04-17,Chair,Furniture,1068,6,6408,Spain,East,Cash
2023-01-01,Laptop,Electronics,1231,6,7386,Morocco,West,Card
2023-03-30,Notebook,Stationery,1388,5,6940,Spain,North,Cash
2023-04-28,Phone,Electronics,416,7,2912,Spain,South,Card
2023-01-02,Notebook,Stationery,1726,6,10356,Italy,East,Card
2023-05-01,Pen,Stationery,1591,9,14319,Germany,South,Cash
2023-08-11,Headphones,Electronics,1202,4,4808,Spain,West,Card
2023-03-18,Keyboard,Electronics,749,4,2996,Italy,North,Online
2023-03-26,Chair,Furniture,957,3,2871,Italy,North,Cash
2023-10-18,Tablet,Electronics,871,2,1742,Spain,North,Cash
2023-12-22,Pen,Stationery,1166,8,9328,Italy,North,Online
2023-08-23,Monitor,Electronics,1974,3,5922,Morocco,North,Card
2023-06-03,Table,Furniture,508,1,508,France,North,Online
2023-12-15,Pen,Stationery,1879,10,18790,Morocco,West,Card
2023-11-15,Tablet,Electronics,1122,1,1122,Italy,North,Cash
2023-06-01,Tablet,Electronics,1504,4,6016,France,South,Card
2023-02-22,Notebook,Stationery,1540,4,6160,Italy,South,Online
2023-10-11,Phone,Electronics,209,3,627,Morocco,South,Cash
2023-10-11,Table,Furniture,623,3,1869,Italy,West,Card
2023-04-18,Keyboard,Electronics,1413,1,1413,Italy,South,Card
2023-02-12,Phone,Electronics,1367,1,1367,Germany,West,Online
2023-12-09,Tablet,Electronics,1162,7,8134,Germany,South,Card
2023-08-13,Keyboard,Electronics,351,4,1404,Morocco,North,Online
2023-05-15,Table,Furniture,1703,10,17030,Germany,East,Online
2023-03-13,Laptop,Electronics,1646,6,9876,Germany,East,Online
2023-06-08,Keyboard,Electronics,1332,6,7992,Germany,East,Online
2023-02-13,Chair,Furniture,1972,7,13804,France,West,Cash
2023-01-05,Headphones,Electronics,1180,7,8260,France,North,Online
2023-09-04,Laptop,Electronics,1923,10,19230,France,East,Cash
2023-05-18,Headphones,Electronics,411,4,1644,Morocco,East,Card
2023-10-02,Monitor,Electronics,176,8,1408,Italy,East,Cash
2023-01-20,Chair,Furniture,881,7,6167,Spain,North,Online
2023-03-02,Phone,Electronics,1094,5,5470,France,West,Cash
2023-05-14,Headphones,Electronics,1662,1,1662,Spain,East,Online
2023-12-06,Table,Furniture,241,8,1928,Germany,West,Online
2023-08-09,Pen,Stationery,93,5,465,Germany,South,Card
2023-11-09,Chair,Furniture,722,8,5776,Morocco,East,Card
2023-07-27,Phone,Electronics,1496,10,14960,Morocco,West,Card
2023-12-20,Notebook,Stationery,419,3,1257,Germany,West,Online
2023-04-21,Laptop,Electronics,758,7,5306,Spain,West,Online
2023-11-05,Monitor,Electronics,1655,5,8275,Spain,West,Card
2023-11-10,Laptop,Electronics,952,1,952,Morocco,West,Online
2023-12-21,Table,Furniture,163,3,489,Morocco,South,Cash
2023-01-25,Headphones,Electronics,493,1,493,Germany,South,Card
2023-08-08,Headphones,Electronics,146,7,1022,France,East,Cash
2023-06-23,Notebook,Stationery,915,2,1830,France,East,Cash
2023-08-18,Chair,Furniture,982,3,2946,Italy,East,Cash
2023-10-30,Pen,Stationery,1344,1,1344,France,North,Card
2023-05-01,Monitor,Electronics,1279,2,2558,Morocco,South,Online
2023-03-18,Monitor,Electronics,1998,10,19980,Germany,East,Card
2023-05-01,Monitor,Electronics,606,7,4242,Italy,West,Online
2023-10-06,Chair,Furniture,333,10,3330,Morocco,North,Card
2023-10-28,Headphones,Electronics,1826,1,1826,France,West,Online
2023-04-20,Tablet,Electronics,276,7,1932,Italy,North,Cash
2023-11-16,Tablet,Electronics,1991,10,19910,France,South,Online
2023-03-07,Pen,Stationery,947,5,4735,France,West,Cash
2023-01-10,Phone,Electronics,551,3,1653,Morocco,West,Online
2023-10-17,Monitor,Electronics,172,1,172,Spain,South,Online
2023-02-21,Laptop,Electronics,567,3,1701,France,East,Online
2023-07-28,Notebook,Stationery,1324,4,5296,France,South,Card
2023-04-17,Headphones,Electronics,297,7,2079,Morocco,West,Cash
2023-07-11,Pen,Stationery,1683,1,1683,France,East,Online
2023-07-12,Monitor,Electronics,1382,9,12438,Italy,West,Card
2023-08-21,Tablet,Electronics,1614,10,16140,Italy,West,Online
2023-08-29,Notebook,Stationery,1476,6,8856,Italy,West,Cash
2023-10-26,Table,Furniture,539,5,2695,Italy,South,Cash
2023-10-03,Phone,Electronics,1007,6,6042,Germany,South,Online
2023-08-12,Pen,Stationery,1619,4,6476,Morocco,South,Cash
2023-05-08,Pen,Stationery,1500,8,12000,France,North,Cash
2023-02-24,Pen,Stationery,1337,1,1337,Spain,South,Cash
2023-07-09,Phone,Electronics,1306,8,10448,Italy,West,Online
2023-05-09,Table,Furniture,1322,3,3966,Morocco,West,Card
2023-11-15,Pen,Stationery,1291,4,5164,Morocco,East,Card
2023-12-31,Pen,Stationery,1354,9,12186,Italy,South,Cash
2023-03-20,Chair,Furniture,734,7,5138,Spain,North,Cash
2023-02-13,Keyboard,Electronics,322,4,1288,Spain,West,Card
2023-12-13,Table,Furniture,1036,4,4144,Germany,North,Online
2023-11-20,Laptop,Electronics,1396,8,11168,Spain,East,Cash
2023-02-06,Monitor,Electronics,1279,4,5116,Germany,East,Online
2023-03-12,Tablet,Electronics,868,9,7812,Italy,South,Card
2023-12-15,Keyboard,Electronics,1753,5,8765,Morocco,North,Cash
2023-12-21,Notebook,Stationery,950,2,1900,France,East,Card
2023-05-08,Chair,Furniture,312,3,936,Italy,North,Card
2023-06-29,Headphones,Electronics,1806,5,9030,Spain,South,Cash
2023-05-17,Monitor,Electronics,711,10,7110,Germany,North,Card
2023-10-07,Headphones,Electronics,1771,7,12397,Germany,West,Cash
2023-09-02,Notebook,Stationery,261,8,2088,Morocco,East,Cash
2023-10-06,Headphones,Electronics,483,7,3381,Spain,East,Online
2023-09-29,Chair,Furniture,1151,8,9208,Morocco,South,Online
2023-06-04,Phone,Electronics,1527,2,3054,France,East,Cash
2023-01-09,Phone,Electronics,943,8,7544,France,West,Card
2023-10-15,Headphones,Electronics,409,1,409,Morocco,West,Cash
2023-11-10,Laptop,Electronics,752,2,1504,Spain,South,Cash
2023-09-25,Phone,Electronics,847,10,8470,Germany,East,Online
2023-04-20,Pen,Stationery,1823,10,18230,Germany,North,Cash
2023-12-04,Table,Furniture,1234,3,3702,France,East,Card
2023-11-26,Phone,Electronics,482,10,4820,Spain,North,Online
2023-08-26,Table,Furniture,768,10,7680,Morocco,North,Online
2023-02-06,Table,Furniture,1335,5,6675,Spain,South,Card
2023-03-14,Pen,Stationery,1104,1,1104,Germany,East,Online
2023-04-16,Notebook,Stationery,566,1,566,Spain,North,Card
2023-11-10,Table,Furniture,1317,5,6585,Spain,West,Online
2023-10-07,Phone,Electronics,172,4,688,Spain,West,Cash
2023-03-18,Headphones,Electronics,628,5,3140,Morocco,North,Online
2023-12-14,Laptop,Electronics,584,8,4672,Germany,East,Online
2023-08-13,Pen,Stationery,1886,3,5658,Italy,South,Online
2023-03-27,Keyboard,Electronics,115,2,230,Spain,West,Online
2023-08-22,Laptop,Electronics,1185,5,5925,Morocco,East,Card
2023-06-27,Headphones,Electronics,1103,8,8824,Italy,North,Cash
2023-09-15,Headphones,Electronics,1531,2,3062,Germany,West,Card
2023-06-27,Laptop,Electronics,1064,2,2128,Spain,East,Online
2023-08-17,Phone,Electronics,1545,5,7725,Spain,South,Card
2023-06-19,Pen,Stationery,408,7,2856,Morocco,West,Card
2023-08-19,Headphones,Electronics,1249,9,11241,France,East,Online
2023-02-13,Headphones,Electronics,1549,3,4647,Italy,East,Card
2023-12-14,Chair,Furniture,1545,10,15450,Germany,South,Cash
2023-08-24,Phone,Electronics,34,7,238,Spain,South,Card
2023-04-24,Notebook,Stationery,1328,6,7968,Morocco,East,Online
2023-08-22,Table,Furniture,1631,10,16310,Italy,South,Online
2023-08-11,Pen,Stationery,720,4,2880,Morocco,West,Online
2023-12-09,Notebook,Stationery,1803,10,18030,Morocco,East,Cash
2023-03-06,Monitor,Electronics,703,1,703,Germany,South,Online
2023-11-08,Notebook,Stationery,775,8,6200,France,West,Card
2023-08-08,Laptop,Electronics,444,1,444,Morocco,East,Cash
2023-01-26,Chair,Furniture,41,6,246,Morocco,North,Card
2023-07-31,Headphones,Electronics,118,5,590,Morocco,West,Card
2023-09-28,Table,Furniture,1165,1,1165,Germany,North,Card
2023-01-15,Pen,Stationery,104,4,416,Spain,North,Online
2023-03-22,Monitor,Electronics,664,7,4648,Italy,West,Card
2023-03-06,Tablet,Electronics,819,5,4095,France,South,Cash
2023-10-26,Monitor,Electronics,157,2,314,France,South,Online
2023-09-17,Headphones,Electronics,223,5,1115,Germany,West,Online
2023-03-07,Phone,Electronics,251,8,2008,Morocco,South,Online
2023-04-11,Monitor,Electronics,661,9,5949,Spain,East,Online
2023-07-25,Phone,Electronics,1258,2,2516,Morocco,South,Online
2023-06-03,Keyboard,Electronics,1915,5,9575,Spain,North,Card
2023-02-09,Chair,Furniture,408,3,1224,Germany,West,Card
2023-07-20,Phone,Electronics,992,2,1984,Spain,West,Online
2023-05-08,Tablet,Electronics,1806,6,10836,Spain,East,Cash
2023-12-01,Tablet,Electronics,1416,4,5664,Germany,South,Online
2023-07-11,Tablet,Electronics,764,2,1528,Spain,East,Online
2023-10-31,Keyboard,Electronics,1613,1,1613,Germany,South,Cash
2023-04-22,Keyboard,Electronics,879,5,4395,Spain,South,Online
2023-01-15,Chair,Furniture,628,8,5024,Spain,North,Card
2023-06-17,Keyboard,Electronics,61,1,61,France,South,Cash
2023-03-17,Table,Furniture,1232,10,12320,Italy,West,Cash
2023-10-13,Tablet,Electronics,215,1,215,Germany,South,Online
2023-09-07,Chair,Furniture,1387,2,2774,Italy,North,Cash
2023-12-11,Pen,Stationery,1734,6,10404,Germany,North,Cash
2023-01-05,Pen,Stationery,1396,7,9772,Spain,East,Card
2023-05-13,Monitor,Electronics,1921,5,9605,France,South,Card
2023-06-09,Notebook,Stationery,476,2,952,Italy,West,Card
2023-08-29,Laptop,Electronics,986,7,6902,Morocco,West,Cash
2023-10-22,Notebook,Stationery,1245,10,12450,Germany,East,Cash
2023-01-07,Laptop,Electronics,44,4,176,Italy,South,Cash
2023-09-04,Tablet,Electronics,408,1,408,Morocco,North,Card
2023-12-28,Pen,Stationery,344,7,2408,France,North,Card
2023-04-02,Pen,Stationery,1265,1,1265,Italy,West,Cash
2023-01-25,Monitor,Electronics,1522,2,3044,Germany,East,Cash
2023-04-12,Laptop,Electronics,1933,2,3866,France,East,Card
2023-08-21,Headphones,Electronics,458,3,1374,France,East,Cash
2023-03-19,Headphones,Electronics,1654,1,1654,Spain,East,Online
2023-05-18,Monitor,Electronics,216,1,216,Spain,East,Online
2023-07-26,Pen,Stationery,1583,10,15830,Morocco,South,Cash
2023-05-06,Table,Furniture,753,7,5271,Italy,East,Online
2023-06-02,Pen,Stationery,389,4,1556,France,East,Cash
2023-06-28,Laptop,Electronics,1750,9,15750,Italy,South,Cash
2023-03-12,Chair,Furniture,297,1,297,Morocco,East,Card
2023-08-27,Monitor,Electronics,1105,4,4420,Italy,East,Online
2023-10-26,Laptop,Electronics,1744,10,17440,Italy,East,Online
2023-05-03,Keyboard,Electronics,534,5,2670,Italy,North,Card
2023-01-29,Notebook,Stationery,1650,10,16500,Morocco,South,Card
2023-02-28,Keyboard,Electronics,502,9,4518,France,East,Online
2023-02-26,Phone,Electronics,1759,3,5277,Spain,North,Cash
2023-11-04,Notebook,Stationery,75,7,525,Italy,South,Card
2023-10-11,Notebook,Stationery,1536,1,1536,Italy,East,Card
2023-09-19,Table,Furniture,1872,2,3744,Italy,South,Cash
2023-07-17,Table,Furniture,1506,6,9036,France,South,Cash
2023-06-13,Pen,Stationery,1203,9,10827,Italy,North,Online
2023-06-10,Pen,Stationery,1989,2,3978,Morocco,South,Card
2023-03-19,Keyboard,Electronics,1962,2,3924,France,West,Online
2023-09-18,Headphones,Electronics,1644,3,4932,France,East,Cash
2023-12-06,Monitor,Electronics,1629,6,9774,Spain,West,Card
2023-08-26,Phone,Electronics,1066,2,2132,Italy,West,Cash
2023-10-27,Notebook,Stationery,673,6,4038,Spain,North,Online
2023-11-06,Chair,Furniture,1825,9,16425,France,North,Cash
2023-03-02,Pen,Stationery,956,2,1912,Italy,West,Card
2023-10-02,Phone,Electronics,167,3,501,France,East,Online
2023-02-27,Table,Furniture,939,8,7512,Germany,South,Card
2023-03-26,Headphones,Electronics,1409,1,1409,Germany,West,Online
2023-10-23,Monitor,Electronics,679,5,3395,Morocco,West,Card
2023-11-01,Phone,Electronics,99,8,792,Germany,South,Card
2023-05-14,Chair,Furniture,1559,8,12472,Spain,West,Online
2023-07-24,Headphones,Electronics,307,1,307,Italy,South,Card
2023-12-13,Headphones,Electronics,1823,2,3646,France,East,Online
2023-06-18,Phone,Electronics,1514,9,13626,Morocco,East,Card
2023-02-09,Tablet,Electronics,356,1,356,France,West,Card
2023-08-01,Monitor,Electronics,1405,6,8430,France,East,Cash
2023-09-30,Keyboard,Electronics,767,6,4602,Germany,East,Cash
2023-02-06,Notebook,Stationery,790,9,7110,Germany,East,Online
2023-08-18,Phone,Electronics,1832,1,1832,France,North,Card
2023-05-10,Chair,Furniture,1661,3,4983,Germany,West,Card
2023-06-24,Headphones,Electronics,462,1,462,France,West,Card
2023-11-06,Tablet,Electronics,1289,4,5156,Germany,North,Cash
2023-10-31,Keyboard,Electronics,723,10,7230,Italy,East,Card
2023-07-18,Headphones,Electronics,42,10,420,Germany,West,Card
2023-02-10,Phone,Electronics,493,9,4437,Italy,West,Cash
2023-07-31,Laptop,Electronics,86,10,860,France,North,Online
2023-02-08,Notebook,Stationery,1442,6,8652,Morocco,West,Cash
2023-10-28,Tablet,Electronics,482,7,3374,Morocco,West,Online
2023-10-18,Keyboard,Electronics,1489,5,7445,Morocco,South,Cash
2023-06-14,Tablet,Electronics,1868,6,11208,Germany,West,Online
2023-02-23,Monitor,Electronics,1357,4,5428,Morocco,West,Card
2023-11-01,Laptop,Electronics,1137,1,1137,France,West,Cash
2023-03-09,Keyboard,Electronics,1893,7,13251,Morocco,South,Cash
2023-08-04,Chair,Furniture,831,3,2493,Spain,East,Online
2023-05-25,Phone,Electronics,556,10,5560,Germany,South,Online
2023-07-30,Keyboard,Electronics,870,5,4350,Germany,South,Online
2023-02-04,Tablet,Electronics,1825,8,14600,Spain,West,Online
2023-06-19,Phone,Electronics,1842,3,5526,Spain,South,Online
2023-05-25,Pen,Stationery,535,5,2675,France,North,Online
2023-05-12,Monitor,Electronics,970,10,9700,Spain,West,Online
2023-02-06,Headphones,Electronics,1815,1,1815,Morocco,East,Card
2023-02-14,Phone,Electronics,81,4,324,Italy,North,Cash
2023-05-21,Phone,Electronics,878,6,5268,France,West,Cash
2023-05-21,Laptop,Electronics,194,6,1164,France,North,Online
2023-02-01,Table,Furniture,112,8,896,Germany,East,Cash
2023-06-28,Table,Furniture,325,5,1625,Spain,East,Online
2023-12-20,Keyboard,Electronics,233,5,1165,France,North,Cash
2023-08-21,Tablet,Electronics,758,5,3790,France,East,Online
2023-07-23,Chair,Furniture,1450,7,10150,Germany,North,Online
2023-10-12,Pen,Stationery,1338,8,10704,Italy,North,Cash
2023-11-06,Tablet,Electronics,692,4,2768,Spain,East,Cash
2023-03-21,Laptop,Electronics,1974,1,1974,France,West,Cash
2023-08-22,Laptop,Electronics,1182,9,10638,Germany,West,Cash
2023-04-17,Laptop,Electronics,1862,10,18620,Morocco,North,Online
2023-12-26,Chair,Furniture,1003,4,4012,Germany,West,Card
2023-07-13,Keyboard,Electronics,1791,6,10746,Spain,East,Card
2023-08-01,Pen,Stationery,1990,9,17910,Spain,East,Online
2023-04-25,Tablet,Electronics,499,4,1996,Morocco,South,Online
2023-03-14,Tablet,Electronics,513,5,2565,France,East,Online
2023-07-08,Chair,Furniture,1753,1,1753,Morocco,West,Cash
2023-12-30,Tablet,Electronics,1061,5,5305,Italy,East,Cash
2023-03-23,Phone,Electronics,1750,4,7000,Morocco,West,Online
2023-10-10,Laptop,Electronics,1219,10,12190,France,East,Cash
2023-04-11,Table,Furniture,905,8,7240,Morocco,South,Card
2023-02-27,Notebook,Stationery,1098,3,3294,Germany,East,Card
2023-03-15,Monitor,Electronics,689,2,1378,Italy,West,Cash
2023-06-23,Pen,Stationery,1832,3,5496,France,East,Online
2023-06-08,Table,Furniture,1948,8,15584,Morocco,North,Cash
2023-06-04,Tablet,Electronics,439,8,3512,Spain,East,Online
2023-04-23,Pen,Stationery,1434,7,10038,Germany,North,Cash
2023-08-12,Headphones,Electronics,697,8,5576,France,North,Online
2023-10-21,Table,Furniture,1923,3,5769,Italy,East,Cash
2023-01-16,Pen,Stationery,1645,8,13160,Germany,East,Card
2023-10-05,Monitor,Electronics,791,9,7119,Morocco,West,Online
2023-04-30,Laptop,Electronics,1795,3,5385,France,North,Card
2023-01-31,Keyboard,Electronics,813,4,3252,Germany,West,Online
2023-07-08,Table,Furniture,865,2,1730,Italy,North,Card
2023-02-25,Phone,Electronics,1375,7,9625,Germany,South,Online
2023-07-27,Chair,Furniture,730,2,1460,Spain,North,Online
2023-08-29,Table,Furniture,865,7,6055,Morocco,South,Card
2023-04-27,Headphones,Electronics,305,4,1220,Germany,South,Cash
2023-12-23,Notebook,Stationery,108,5,540,Morocco,West,Online
2023-11-17,Keyboard,Electronics,291,8,2328,France,West,Online
2023-01-08,Monitor,Electronics,498,8,3984,Italy,South,Card
2023-08-09,Headphones,Electronics,799,3,2397,Germany,South,Card
2023-01-24,Notebook,Stationery,1153,7,8071,Spain,South,Online
2023-09-29,Phone,Electronics,1959,4,7836,Germany,West,Cash
2023-09-28,Pen,Stationery,1701,8,13608,Morocco,West,Card
2023-12-24,Table,Furniture,201,9,1809,Morocco,South,Card
2023-07-28,Notebook,Stationery,725,10,7250,Germany,West,Cash
2023-12-11,Laptop,Electronics,1997,3,5991,Spain,South,Online
2023-06-15,Monitor,Electronics,746,7,5222,Morocco,South,Cash
2023-07-27,Tablet,Electronics,1660,8,13280,France,West,Card
2023-10-18,Notebook,Stationery,1722,2,3444,Germany,South,Cash
2023-12-14,Phone,Electronics,413,9,3717,Italy,North,Card
2023-02-11,Chair,Furniture,1085,3,3255,Spain,South,Card
2024-01-01,Monitor,Electronics,775,6,4650,Morocco,North,Online
2023-10-26,Notebook,Stationery,1470,5,7350,Italy,North,Card
2023-05-26,Keyboard,Electronics,1540,8,12320,Germany,North,Cash
2023-09-22,Tablet,Electronics,159,8,1272,France,East,Cash
2023-07-06,Notebook,Stationery,713,6,4278,Morocco,West,Card
2023-02-06,Phone,Electronics,272,9,2448,Italy,North,Card
2023-03-25,Laptop,Electronics,1017,9,9153,Germany,North,Online
2023-08-03,Headphones,Electronics,1384,8,11072,Germany,West,Online
2023-03-30,Headphones,Electronics,1252,5,6260,France,North,Card
2023-01-18,Keyboard,Electronics,932,3,2796,Spain,West,Card
2023-10-14,Pen,Stationery,1910,9,17190,Italy,West,Card
2023-11-01,Headphones,Electronics,121,8,968,France,South,Card
2023-06-22,Keyboard,Electronics,1115,3,3345,Morocco,North,Online
2023-03-26,Table,Furniture,408,1,408,France,South,Online
2023-06-26,Chair,Furniture,168,2,336,Germany,East,Card
2023-08-27,Keyboard,Electronics,98,8,784,Morocco,East,Card
2023-08-10,Headphones,Electronics,913,3,2739,Morocco,West,Card
2023-05-13,Monitor,Electronics,1131,10,11310,Germany,West,Cash
2023-09-24,Keyboard,Electronics,112,7,784,Italy,East,Card
2023-09-08,Chair,Furniture,214,6,1284,Morocco,South,Card
2023-12-10,Phone,Electronics,644,3,1932,France,West,Online
2023-12-08,Headphones,Electronics,1268,6,7608,Germany,West,Card
2023-03-10,Monitor,Electronics,49,6,294,Germany,North,Online
2023-07-07,Monitor,Electronics,1319,9,11871,Germany,West,Online
2023-06-23,Pen,Stationery,630,1,630,France,East,Cash
2023-07-11,Table,Furniture,302,7,2114,Italy,West,Online
2023-08-04,Laptop,Electronics,386,6,2316,Spain,East,Online
2023-06-24,Chair,Furniture,333,3,999,Spain,South,Card
2023-09-12,Monitor,Electronics,946,3,2838,Spain,South,Cash
2023-06-30,Monitor,Electronics,1915,5,9575,Spain,East,Online
2023-04-10,Notebook,Stationery,1717,1,1717,Spain,West,Cash
2023-11-03,Phone,Electronics,87,5,435,France,South,Online
2023-01-17,Tablet,Electronics,1448,1,1448,Morocco,West,Online
2023-02-17,Keyboard,Electronics,484,1,484,Morocco,East,Online
2023-09-12,Table,Furniture,371,9,3339,Germany,West,Online
2023-05-24,Chair,Furniture,1716,9,15444,Spain,South,Card
2023-07-22,Pen,Stationery,1783,7,12481,Italy,West,Card
2023-07-30,Monitor,Electronics,375,5,1875,Morocco,North,Cash
2023-06-27,Monitor,Electronics,1026,9,9234,Italy,North,Online
2023-04-25,Pen,Stationery,1011,6,6066,France,East,Card
2023-12-29,Keyboard,Electronics,637,4,2548,Germany,North,Online
2023-04-15,Laptop,Electronics,1656,6,9936,Spain,South,Cash
2023-07-01,Phone,Electronics,773,1,773,France,North,Online
2023-09-12,Pen,Stationery,813,1,813,Italy,West,Card
2023-07-16,Table,Furniture,1339,6,8034,Germany,East,Cash
2023-07-30,Notebook,Stationery,1074,8,8592,Germany,South,Card
2023-06-13,Headphones,Electronics,1846,7,12922,Italy,East,Cash
2023-06-07,Monitor,Electronics,656,5,3280,Morocco,North,Online
2023-11-01,Monitor,Electronics,290,2,580,Germany,East,Online
2023-05-20,Table,Furniture,229,2,458,Morocco,East,Cash
2023-10-14,Chair,Furniture,1484,5,7420,Spain,South,Cash
2023-04-21,Chair,Furniture,639,1,639,Morocco,East,Online
2023-12-02,Pen,Stationery,37,5,185,Germany,East,Cash
2023-10-26,Tablet,Electronics,977,5,4885,Germany,South,Cash
2023-07-05,Headphones,Electronics,590,4,2360,Spain,West,Online
2023-03-17,Chair,Furniture,1595,6,9570,Spain,North,Card
2023-11-10,Pen,Stationery,1879,9,16911,Spain,East,Cash
2023-09-29,Pen,Stationery,1588,1,1588,Italy,South,Card
2023-04-25,Tablet,Electronics,859,10,8590,Italy,South,Online
2023-03-14,Pen,Stationery,368,8,2944,France,West,Cash
2023-08-30,Chair,Furniture,581,5,2905,Spain,South,Card
2023-01-09,Chair,Furniture,337,6,2022,Italy,North,Cash
2023-05-12,Tablet,Electronics,1148,10,11480,Germany,East,Card
2023-09-15,Laptop,Electronics,1070,3,3210,Germany,North,Cash
2023-01-21,Keyboard,Electronics,1401,3,4203,France,West,Cash
2023-06-05,Phone,Electronics,518,5,2590,Morocco,North,Card
2023-10-06,Chair,Furniture,106,2,212,France,East,Card
2023-05-24,Chair,Furniture,56,9,504,Germany,East,Online
2023-08-10,Headphones,Electronics,20,10,200,Italy,East,Cash
2023-05-12,Keyboard,Electronics,1243,2,2486,Italy,South,Online
2023-11-21,Monitor,Electronics,113,9,1017,Morocco,West,Online
2023-10-17,Tablet,Electronics,1937,7,13559,France,East,Online
2023-07-25,Table,Furniture,233,4,932,Germany,South,Cash
2023-04-12,Keyboard,Electronics,458,5,2290,France,South,Card
2023-09-12,Laptop,Electronics,1941,2,3882,Italy,South,Card
2023-11-23,Tablet,Electronics,617,4,2468,Morocco,East,Online
2023-12-25,Tablet,Electronics,724,5,3620,France,West,Card
2023-11-26,Chair,Furniture,774,6,4644,Italy,South,Card
2023-02-01,Chair,Furniture,1072,1,1072,France,South,Online
2023-02-17,Chair,Furniture,1990,10,19900,Italy,South,Card
2023-06-30,Headphones,Electronics,134,4,536,Spain,South,Cash
2023-04-07,Keyboard,Electronics,479,10,4790,Germany,West,Card
2023-10-25,Headphones,Electronics,1652,8,13216,Germany,West,Cash
2023-07-21,Laptop,Electronics,566,8,4528,Italy,West,Cash
2023-03-31,Headphones,Electronics,1606,6,9636,Italy,South,Online
2023-01-22,Headphones,Electronics,887,4,3548,Germany,West,Cash
2023-08-13,Phone,Electronics,1148,7,8036,France,South,Online
2023-04-07,Monitor,Electronics,407,3,1221,Italy,South,Card
2023-12-30,Tablet,Electronics,671,1,671,Germany,North,Cash
2023-12-07,Phone,Electronics,1900,6,11400,Germany,East,Cash
2023-09-19,Notebook,Stationery,488,2,976,Germany,South,Card
2023-02-08,Monitor,Electronics,536,2,1072,Morocco,North,Online
2023-09-15,Keyboard,Electronics,170,3,510,Spain,West,Card
2023-10-16,Headphones,Electronics,66,4,264,Morocco,West,Online
2023-03-10,Keyboard,Electronics,1254,9,11286,France,South,Card
2023-04-10,Headphones,Electronics,836,5,4180,Italy,East,Online
2023-07-26,Notebook,Stationery,351,4,1404,Italy,South,Cash
2023-04-22,Notebook,Stationery,888,3,2664,Italy,South,Card
2023-07-02,Notebook,Stationery,724,10,7240,Germany,West,Card
2023-04-27,Headphones,Electronics,1480,5,7400,Italy,East,Cash
2023-04-25,Tablet,Electronics,401,8,3208,Morocco,North,Online
2023-06-05,Laptop,Electronics,910,3,2730,Italy,East,Online
2023-05-08,Notebook,Stationery,346,9,3114,Spain,North,Card
2023-12-23,Tablet,Electronics,1713,10,17130,Italy,North,Card
2023-08-21,Pen,Stationery,1820,5,9100,France,South,Online
2023-07-07,Monitor,Electronics,324,5,1620,Germany,West,Card
2023-03-25,Phone,Electronics,1770,2,3540,France,East,Card
2023-10-17,Table,Furniture,1859,6,11154,Spain,South,Cash
2023-05-04,Tablet,Electronics,453,2,906,Spain,West,Cash
2023-11-25,Monitor,Electronics,1923,5,9615,France,South,Card
2023-09-29,Notebook,Stationery,1434,8,11472,Italy,West,Card
2023-03-05,Table,Furniture,908,8,7264,Morocco,South,Card
2023-05-21,Monitor,Electronics,1112,1,1112,Italy,South,Cash
2023-03-09,Chair,Furniture,308,1,308,Germany,North,Card
2023-01-07,Laptop,Electronics,1875,1,1875,France,North,Cash
2023-09-18,Tablet,Electronics,384,2,768,Italy,West,Cash
2023-01-26,Pen,Stationery,165,8,1320,France,East,Online
2023-07-07,Phone,Electronics,369,6,2214,Morocco,North,Online
2023-01-23,Monitor,Electronics,537,5,2685,France,West,Cash
2023-05-08,Keyboard,Electronics,774,10,7740,Morocco,West,Online
2023-01-01,Headphones,Electronics,435,10,4350,Spain,South,Card
2023-09-01,Phone,Electronics,807,7,5649,Germany,South,Online
2023-08-18,Tablet,Electronics,614,10,6140,Italy,East,Card
2023-03-22,Chair,Furniture,1963,9,17667,Spain,West,Card
2023-10-01,Chair,Furniture,957,5,4785,France,South,Cash
2023-01-27,Headphones,Electronics,155,3,465,Germany,East,Online
2023-05-17,Table,Furniture,1514,10,15140,Italy,North,Online
2023-08-05,Table,Furniture,845,3,2535,France,West,Card
2023-04-06,Phone,Electronics,1143,8,9144,Morocco,West,Online
2023-12-24,Pen,Stationery,1006,9,9054,Spain,South,Cash
2023-06-03,Tablet,Electronics,1225,2,2450,Italy,West,Online
2023-10-25,Laptop,Electronics,1751,4,7004,France,West,Online
2023-06-01,Laptop,Electronics,303,7,2121,Germany,East,Card
2023-06-04,Monitor,Electronics,894,9,8046,Italy,North,Cash
2023-09-25,Chair,Furniture,1772,2,3544,Morocco,East,Online
2023-03-27,Tablet,Electronics,1279,7,8953,Morocco,East,Cash
2023-09-29,Keyboard,Electronics,1698,5,8490,Spain,East,Online
2023-09-20,Chair,Furniture,1536,8,12288,Spain,South,Online
2023-05-17,Headphones,Electronics,1431,4,5724,France,South,Online
2023-08-18,Tablet,Electronics,1302,8,10416,France,East,Card
2023-02-14,Pen,Stationery,938,8,7504,Germany,West,Card
2023-07-31,Keyboard,Electronics,1314,7,9198,Morocco,West,Card
2023-05-30,Headphones,Electronics,1664,4,6656,Germany,North,Card
2023-02-23,Phone,Electronics,1689,3,5067,Italy,North,Online
2023-02-20,Headphones,Electronics,935,1,935,Morocco,West,Online
2023-05-07,Headphones,Electronics,318,7,2226,France,East,Online
2023-12-09,Chair,Furniture,1962,3,5886,Spain,East,Card
2023-10-11,Headphones,Electronics,960,1,960,Italy,East,Card
2023-02-27,Phone,Electronics,1744,8,13952,Morocco,East,Online
2023-02-06,Monitor,Electronics,1252,1,1252,Spain,North,Online
2023-08-02,Laptop,Electronics,1276,5,6380,Germany,East,Online
2023-11-17,Pen,Stationery,1140,7,7980,Italy,North,Card
2023-01-14,Pen,Stationery,436,4,1744,Spain,West,Online
2023-11-17,Keyboard,Electronics,154,3,462,Italy,West,Online
2023-07-08,Phone,Electronics,1724,6,10344,Italy,West,Online
2023-05-23,Laptop,Electronics,163,2,326,Italy,East,Card
2023-07-23,Phone,Electronics,1416,3,4248,Morocco,North,Card
2023-08-19,Laptop,Electronics,1358,2,2716,Morocco,North,Card
2023-11-25,Headphones,Electronics,663,10,6630,Spain,South,Cash
2023-09-17,Headphones,Electronics,480,6,2880,Spain,East,Cash
2023-12-08,Tablet,Electronics,1449,8,11592,Spain,North,Card
2023-07-30,Tablet,Electronics,292,3,876,Spain,South,Card
2023-03-15,Table,Furniture,97,1,97,Spain,South,Card
2023-07-26,Laptop,Electronics,467,8,3736,Spain,West,Cash
2023-04-15,Tablet,Electronics,805,5,4025,Italy,East,Card
2023-05-25,Phone,Electronics,345,7,2415,Italy,North,Online
2023-01-27,Monitor,Electronics,479,10,4790,France,West,Card
2023-11-19,Notebook,Stationery,1229,1,1229,Spain,West,Card
2023-04-17,Tablet,Electronics,1516,2,3032,Italy,North,Cash
2023-01-18,Laptop,Electronics,324,1,324,France,North,Online
2023-09-20,Chair,Furniture,1055,7,7385,France,East,Cash
2023-04-22,Phone,Electronics,1123,3,3369,Morocco,West,Cash
2023-04-13,Phone,Electronics,1693,7,11851,Italy,East,Card
2023-06-20,Pen,Stationery,595,8,4760,Germany,East,Card
2023-11-16,Monitor,Electronics,75,3,225,Italy,North,Online
2023-05-05,Pen,Stationery,354,8,2832,Germany,East,Cash
2023-01-03,Notebook,Stationery,133,6,798,Spain,West,Card
2023-04-15,Laptop,Electronics,1665,2,3330,France,North,Card
2023-01-10,Phone,Electronics,1145,2,2290,Spain,North,Online
2023-12-18,Table,Furniture,142,4,568,Germany,South,Cash
2023-08-28,Headphones,Electronics,1013,4,4052,Morocco,South,Online
2023-06-27,Keyboard,Electronics,1970,7,13790,Morocco,East,Card
2023-09-29,Table,Furniture,1374,9,12366,Italy,North,Online
2023-12-12,Chair,Furniture,1411,9,12699,Morocco,West,Card
2023-08-27,Chair,Furniture,1169,4,4676,Spain,West,Card
2023-02-01,Pen,Stationery,1002,7,7014,Morocco,North,Card
2023-03-26,Pen,Stationery,1453,8,11624,Germany,South,Cash
2023-06-20,Pen,Stationery,1123,4,4492,Spain,North,Cash
2023-02-19,Notebook,Stationery,194,1,194,Morocco,East,Online
2023-08-30,Chair,Furniture,1239,8,9912,Italy,East,Online
2023-10-22,Monitor,Electronics,1665,5,8325,France,West,Online
2023-04-04,Pen,Stationery,709,8,5672,Spain,East,Cash
2023-07-30,Monitor,Electronics,670,6,4020,France,North,Cash
2024-01-01,Table,Furniture,990,5,4950,Italy,North,Online
2023-02-13,Chair,Furniture,1942,2,3884,Spain,East,Cash
2023-11-06,Monitor,Electronics,1670,7,11690,France,East,Online
2023-08-20,Chair,Furniture,1032,10,10320,France,South,Cash
2023-06-24,Pen,Stationery,1738,5,8690,Morocco,North,Online
2023-03-20,Tablet,Electronics,592,4,2368,Italy,East,Online
2023-02-15,Table,Furniture,70,3,210,Germany,West,Card
2023-02-24,Pen,Stationery,1158,3,3474,Spain,South,Cash
2023-12-26,Table,Furniture,811,2,1622,Germany,South,Online
2023-06-11,Table,Furniture,34,2,68,Italy,West,Cash
2023-12-08,Headphones,Electronics,1499,10,14990,Spain,East,Card
2023-04-03,Tablet,Electronics,1050,3,3150,Germany,North,Cash
2023-11-05,Phone,Electronics,93,8,744,Italy,West,Online
2023-04-14,Phone,Electronics,873,8,6984,Germany,South,Card
2023-12-13,Chair,Furniture,52,6,312,Germany,East,Card
2023-07-24,Laptop,Electronics,1723,10,17230,France,West,Online
2023-09-27,Tablet,Electronics,296,9,2664,Italy,South,Card
2023-04-28,Headphones,Electronics,550,9,4950,Morocco,East,Card
2023-10-07,Pen,Stationery,430,6,2580,Italy,East,Online
2023-09-05,Table,Furniture,360,8,2880,Germany,North,Cash
2023-04-01,Chair,Furniture,1395,1,1395,Italy,East,Online
2023-06-07,Tablet,Electronics,1434,3,4302,Spain,South,Cash
2023-04-28,Headphones,Electronics,964,9,8676,France,East,Card
2023-04-22,Keyboard,Electronics,1707,7,11949,Spain,West,Online
2023-03-28,Tablet,Electronics,678,5,3390,Italy,North,Online
2023-12-18,Laptop,Electronics,1840,2,3680,Spain,West,Online
2023-07-14,Chair,Furniture,1363,6,8178,Morocco,North,Cash
2023-12-27,Laptop,Electronics,1791,4,7164,Germany,East,Online
2023-09-01,Monitor,Electronics,241,5,1205,Spain,North,Cash
2023-08-20,Headphones,Electronics,45,5,225,Germany,North,Online
2023-05-20,Keyboard,Electronics,243,2,486,Morocco,South,Cash
2023-02-05,Table,Furniture,1479,8,11832,Spain,East,Online
2023-03-01,Monitor,Electronics,1637,9,14733,Morocco,West,Online
2023-02-22,Table,Furniture,1857,3,5571,Germany,West,Card
2023-10-26,Table,Furniture,646,1,646,Italy,East,Online
2024-01-01,Monitor,Electronics,1199,9,10791,Morocco,North,Online
2023-03-25,Tablet,Electronics,733,4,2932,Germany,North,Online
2023-10-02,Monitor,Electronics,611,6,3666,Germany,South,Online
2023-07-17,Tablet,Electronics,631,4,2524,Morocco,East,Cash
2023-07-06,Monitor,Electronics,693,8,5544,Germany,West,Cash
2023-03-22,Tablet,Electronics,1223,3,3669,Germany,West,Cash
2023-10-24,Chair,Furniture,58,10,580,Italy,East,Cash
2023-04-16,Pen,Stationery,1058,5,5290,France,West,Cash
2023-07-12,Table,Furniture,1777,5,8885,Spain,North,Cash
2023-10-18,Table,Furniture,1228,10,12280,Morocco,East,Cash
2023-05-11,Pen,Stationery,1838,5,9190,Italy,West,Online
2023-08-22,Pen,Stationery,694,4,2776,France,West,Cash
2023-04-09,Laptop,Electronics,921,8,7368,Italy,West,Cash
2023-04-12,Table,Furniture,1778,1,1778,Morocco,West,Online
2023-03-23,Monitor,Electronics,358,4,1432,Italy,North,Card
2023-09-11,Tablet,Electronics,1627,5,8135,Spain,East,Cash
2023-03-21,Chair,Furniture,1772,3,5316,Germany,North,Card
2023-10-17,Keyboard,Electronics,1669,9,15021,Spain,West,Cash
2023-01-31,Notebook,Stationery,292,7,2044,Morocco,South,Online
2023-10-28,Notebook,Stationery,626,8,5008,Spain,West,Online
2023-08-11,Notebook,Stationery,1552,1,1552,Morocco,West,Online
2023-02-16,Notebook,Stationery,1607,1,1607,France,East,Online
2023-03-14,Laptop,Electronics,1411,9,12699,Spain,East,Cash
2023-03-20,Headphones,Electronics,1000,10,10000,Italy,West,Card
2023-02-14,Chair,Furniture,1994,3,5982,Germany,West,Online
2023-11-27,Chair,Furniture,1934,6,11604,Italy,West,Cash
2023-06-26,Notebook,Stationery,360,6,2160,Germany,East,Cash
2023-10-21,Monitor,Electronics,377,8,3016,Morocco,West,Card
2023-01-20,Monitor,Electronics,257,7,1799,Spain,East,Online
2023-04-03,Pen,Stationery,167,7,1169,France,East,Cash
2023-05-06,Phone,Electronics,781,5,3905,Morocco,North,Online
2023-08-19,Table,Furniture,1793,5,8965,France,North,Cash
2023-10-06,Monitor,Electronics,1568,4,6272,France,West,Online
2023-09-09,Keyboard,Electronics,699,9,6291,Germany,North,Card
2023-03-01,Table,Furniture,77,10,770,Germany,East,Card
2023-12-09,Table,Furniture,360,4,1440,Spain,West,Online
2023-02-04,Laptop,Electronics,647,3,1941,France,South,Cash
2023-01-31,Laptop,Electronics,24,2,48,Spain,North,Cash
2023-07-30,Keyboard,Electronics,151,10,1510,France,South,Online
2023-03-24,Laptop,Electronics,77,2,154,Germany,North,Cash
2023-08-24,Tablet,Electronics,591,3,1773,Morocco,West,Online
2023-11-06,Pen,Stationery,1539,9,13851,Morocco,North,Online
2023-04-15,Notebook,Stationery,1586,8,12688,Italy,East,Cash
2023-05-01,Phone,Electronics,1624,8,12992,Morocco,North,Cash
2023-11-23,Table,Furniture,410,3,1230,Morocco,West,Cash
2023-08-07,Laptop,Electronics,910,2,1820,Germany,West,Card
2023-08-13,Monitor,Electronics,1548,1,1548,Italy,East,Online
2023-11-05,Pen,Stationery,621,4,2484,France,South,Card
2023-05-31,Chair,Furniture,1651,8,13208,France,East,Online
2023-10-03,Tablet,Electronics,1795,8,14360,France,South,Cash
2023-04-11,Headphones,Electronics,481,4,1924,Italy,North,Cash
2023-05-06,Chair,Furniture,877,8,7016,Italy,East,Card
2023-09-29,Notebook,Stationery,1284,4,5136,France,North,Online
2023-05-09,Laptop,Electronics,1876,7,13132,Morocco,East,Cash
2023-06-02,Table,Furniture,1590,7,11130,Morocco,East,Online
2023-03-30,Laptop,Electronics,1519,6,9114,Italy,East,Online
2023-06-11,Notebook,Stationery,348,10,3480,Morocco,South,Online
2023-01-28,Laptop,Electronics,660,8,5280,Germany,West,Online
2023-10-04,Notebook,Stationery,536,1,536,Spain,North,Cash
2023-03-02,Laptop,Electronics,1314,1,1314,Spain,North,Online
2023-08-27,Keyboard,Electronics,466,8,3728,Italy,East,Online
2023-10-26,Pen,Stationery,468,8,3744,Morocco,East,Online
2023-05-13,Chair,Furniture,1204,7,8428,Germany,West,Online
2023-10-07,Monitor,Electronics,1491,1,1491,Spain,South,Online
2023-06-14,Tablet,Electronics,738,4,2952,Morocco,East,Cash
2023-08-23,Notebook,Stationery,1737,4,6948,Spain,South,Card
2023-12-04,Phone,Electronics,797,8,6376,Germany,West,Cash
2023-12-25,Chair,Furniture,1318,2,2636,Spain,East,Card
2023-02-23,Chair,Furniture,1759,7,12313,France,South,Cash
2023-10-11,Phone,Electronics,1281,2,2562,Italy,West,Online
2023-06-01,Pen,Stationery,1059,7,7413,Germany,East,Card
2023-01-23,Tablet,Electronics,1094,3,3282,France,North,Online
2023-10-12,Pen,Stationery,1474,8,11792,Morocco,West,Online
2023-11-09,Phone,Electronics,240,5,1200,Italy,West,Online
2023-03-08,Monitor,Electronics,1096,7,7672,Morocco,West,Cash
2023-07-08,Table,Furniture,321,9,2889,Morocco,South,Card
2023-10-13,Monitor,Electronics,1374,10,13740,Spain,East,Cash
2023-12-02,Tablet,Electronics,1889,10,18890,Morocco,West,Online
2023-06-26,Notebook,Stationery,610,3,1830,Morocco,West,Online
2023-01-08,Phone,Electronics,467,10,4670,Morocco,West,Online
2023-09-06,Phone,Electronics,1083,3,3249,France,South,Online
2023-07-13,Headphones,Electronics,77,5,385,Germany,North,Cash
2023-02-26,Notebook,Stationery,507,10,5070,Italy,West,Card
2023-03-28,Monitor,Electronics,1424,3,4272,Germany,East,Cash
2023-05-14,Pen,Stationery,1489,6,8934,Germany,North,Cash
2023-08-17,Monitor,Electronics,1107,1,1107,Germany,North,Online
2023-10-16,Keyboard,Electronics,1456,6,8736,Italy,South,Cash
2023-12-21,Chair,Furniture,773,5,3865,France,East,Cash
2023-04-29,Tablet,Electronics,1161,4,4644,Morocco,East,Online
2023-03-30,Notebook,Stationery,218,3,654,Italy,West,Online
2023-10-30,Keyboard,Electronics,396,9,3564,Morocco,South,Online
2023-09-10,Notebook,Stationery,1045,6,6270,Morocco,South,Cash
2023-04-10,Headphones,Electronics,403,7,2821,Spain,North,Online
2023-06-24,Laptop,Electronics,395,5,1975,Morocco,South,Online
2023-10-04,Chair,Furniture,1889,6,11334,Germany,North,Card
2023-02-21,Laptop,Electronics,1957,8,15656,Morocco,North,Cash
2023-03-11,Phone,Electronics,432,2,864,Morocco,North,Card
2023-02-20,Monitor,Electronics,1643,5,8215,Morocco,West,Online
2023-07-23,Phone,Electronics,30,7,210,France,East,Cash
2023-01-30,Headphones,Electronics,1252,6,7512,Spain,East,Online
2023-06-11,Tablet,Electronics,1506,1,1506,Spain,West,Card
2023-08-09,Phone,Electronics,1420,3,4260,Italy,West,Card
2023-06-12,Keyboard,Electronics,807,8,6456,Italy,East,Card
2023-05-15,Monitor,Electronics,993,9,8937,Italy,South,Online
2023-10-16,Monitor,Electronics,969,9,8721,Morocco,North,Online
2023-04-10,Monitor,Electronics,1271,2,2542,Spain,East,Card
2023-01-15,Pen,Stationery,1362,6,8172,Italy,South,Online
2023-06-10,Keyboard,Electronics,1537,5,7685,Germany,North,Cash
2023-12-06,Laptop,Electronics,951,3,2853,France,North,Card
2023-05-14,Chair,Furniture,399,2,798,Germany,North,Card
2023-03-13,Table,Furniture,1043,1,1043,Morocco,South,Cash
2023-08-26,Keyboard,Electronics,1798,3,5394,Italy,South,Card
2023-08-12,Notebook,Stationery,1129,5,5645,France,West,Online
2023-03-17,Pen,Stationery,1723,5,8615,Germany,North,Cash
2023-06-22,Phone,Electronics,1574,7,11018,France,West,Cash
2023-08-15,Table,Furniture,1607,3,4821,Italy,West,Cash
2023-12-24,Table,Furniture,1680,4,6720,Germany,North,Cash
2023-10-25,Chair,Furniture,1693,8,13544,Spain,East,Online
2023-11-10,Pen,Stationery,1360,4,5440,Italy,North,Card
2023-05-10,Keyboard,Electronics,865,3,2595,Germany,South,Online
2023-06-03,Pen,Stationery,1981,6,11886,Morocco,North,Online
2023-09-21,Pen,Stationery,1658,10,16580,Spain,North,Card
2023-09-18,Pen,Stationery,1777,6,10662,Morocco,East,Cash
2023-10-28,Monitor,Electronics,492,1,492,Italy,North,Cash
2023-06-17,Monitor,Electronics,1659,10,16590,Germany,East,Online
2023-05-04,Table,Furniture,1442,10,14420,Morocco,North,Online
2023-02-24,Tablet,Electronics,1682,6,10092,Morocco,North,Online
2023-06-27,Phone,Electronics,1343,10,13430,France,West,Online
2023-11-15,Phone,Electronics,551,4,2204,Spain,East,Card
2023-10-19,Laptop,Electronics,1254,9,11286,Spain,East,Cash
2023-08-20,Keyboard,Electronics,901,7,6307,France,South,Online
2023-08-04,Phone,Electronics,868,4,3472,Germany,East,Cash
2023-07-27,Tablet,Electronics,1083,2,2166,Germany,North,Online
2023-07-02,Phone,Electronics,1860,1,1860,Spain,West,Cash
2023-09-26,Notebook,Stationery,570,10,5700,Morocco,East,Cash
2023-07-06,Table,Furniture,1090,8,8720,France,South,Cash
2023-01-10,Laptop,Electronics,416,3,1248,Spain,South,Online
2023-01-18,Notebook,Stationery,1035,10,10350,Italy,South,Cash
2023-11-21,Tablet,Electronics,331,9,2979,Germany,East,Cash
2023-01-05,Phone,Electronics,221,3,663,France,South,Card
2023-09-09,Tablet,Electronics,290,8,2320,Morocco,East,Online
2023-11-20,Monitor,Electronics,436,8,3488,Germany,West,Online
2023-09-22,Keyboard,Electronics,676,10,6760,Germany,West,Card
2023-02-19,Tablet,Electronics,1068,8,8544,Italy,South,Cash
2023-04-19,Headphones,Electronics,1720,9,15480,Italy,North,Online
2023-02-15,Monitor,Electronics,272,3,816,Germany,North,Cash
2023-03-30,Headphones,Electronics,154,1,154,Italy,West,Card
2023-02-22,Phone,Electronics,1009,5,5045,France,North,Cash
2023-01-08,Notebook,Stationery,1520,6,9120,France,East,Card
2023-05-07,Table,Furniture,881,8,7048,Italy,South,Cash
2023-04-11,Phone,Electronics,1911,3,5733,Germany,East,Card
2023-01-18,Laptop,Electronics,200,2,400,Morocco,South,Card
2023-12-17,Laptop,Electronics,844,5,4220,France,East,Online
2023-02-15,Laptop,Electronics,608,4,2432,France,North,Cash
2023-12-05,Table,Furniture,1477,2,2954,France,South,Online
2023-09-13,Laptop,Electronics,1613,4,6452,Italy,South,Online
2023-05-25,Phone,Electronics,188,3,564,France,West,Cash
2023-12-19,Phone,Electronics,1673,1,1673,Italy,South,Cash
2023-05-21,Keyboard,Electronics,1301,3,3903,Morocco,West,Online
2023-03-19,Monitor,Electronics,1845,1,1845,Germany,North,Cash
2023-01-17,Headphones,Electronics,673,1,673,Italy,South,Online
2023-08-07,Table,Furniture,1767,1,1767,France,South,Cash
2023-12-31,Table,Furniture,682,7,4774,France,North,Card
2023-09-08,Laptop,Electronics,1024,5,5120,Italy,North,Cash
2023-05-21,Tablet,Electronics,1629,1,1629,Italy,North,Online
2023-11-15,Tablet,Electronics,770,3,2310,Italy,South,Cash
2023-12-31,Headphones,Electronics,55,8,440,Spain,West,Card
2023-01-16,Monitor,Electronics,1636,4,6544,France,North,Card
2023-11-27,Headphones,Electronics,608,10,6080,Spain,South,Card
2023-10-01,Laptop,Electronics,897,4,3588,Germany,East,Online
2023-01-02,Headphones,Electronics,1483,4,5932,Italy,East,Online
2023-07-26,Keyboard,Electronics,1411,7,9877,Germany,East,Online
2023-09-01,Headphones,Electronics,845,9,7605,France,East,Cash
2023-12-21,Table,Furniture,1798,6,10788,Morocco,West,Cash
2023-12-12,Table,Furniture,723,5,3615,Germany,West,Card
2023-07-26,Monitor,Electronics,1452,4,5808,Germany,West,Cash
2023-08-05,Headphones,Electronics,1040,9,9360,Germany,South,Card
2023-09-16,Keyboard,Electronics,873,1,873,Morocco,West,Online
2023-05-09,Pen,Stationery,265,10,2650,Morocco,North,Card
2023-11-11,Chair,Furniture,105,7,735,Italy,South,Card
2023-04-25,Keyboard,Electronics,1753,3,5259,France,East,Online
2023-11-16,Table,Furniture,1421,7,9947,Germany,East,Cash
2023-08-26,Keyboard,Electronics,1314,5,6570,Germany,North,Online
2023-10-02,Tablet,Electronics,1525,9,13725,Italy,North,Cash
2023-03-15,Phone,Electronics,1781,4,7124,Germany,North,Cash
2023-03-29,Laptop,Electronics,471,6,2826,France,East,Online
2023-09-13,Phone,Electronics,1414,1,1414,Spain,West,Card
2023-02-10,Keyboard,Electronics,328,2,656,Morocco,South,Cash
2023-11-20,Laptop,Electronics,520,10,5200,Morocco,East,Cash
2023-05-08,Phone,Electronics,1756,4,7024,Germany,South,Card
2023-01-28,Tablet,Electronics,1373,6,8238,Germany,East,Online
2023-01-06,Notebook,Stationery,1869,3,5607,Morocco,East,Card
2023-03-28,Chair,Furniture,293,5,1465,Germany,North,Cash
2023-10-16,Phone,Electronics,1416,8,11328,Spain,East,Online
2023-07-19,Monitor,Electronics,1951,7,13657,Morocco,North,Online
2023-05-08,Phone,Electronics,682,9,6138,Spain,South,Online
2023-10-31,Monitor,Electronics,1470,1,1470,Germany,South,Online
2023-08-27,Tablet,Electronics,1268,6,7608,Morocco,North,Card
2023-05-04,Laptop,Electronics,1707,2,3414,Morocco,South,Card
2023-08-22,Keyboard,Electronics,576,7,4032,Morocco,South,Card
2023-11-12,Tablet,Electronics,1957,4,7828,Spain,West,Card
2023-02-21,Headphones,Electronics,1112,10,11120,Italy,South,Cash
2023-07-11,Notebook,Stationery,1915,8,15320,Germany,West,Card
2023-10-25,Table,Furniture,698,3,2094,Italy,East,Card
2023-02-02,Monitor,Electronics,1672,6,10032,Germany,West,Online
2023-10-22,Laptop,Electronics,1337,1,1337,France,South,Cash
2023-09-02,Laptop,Electronics,1727,3,5181,Germany,North,Cash
2023-01-05,Tablet,Electronics,943,4,3772,Morocco,South,Online
2023-12-15,Keyboard,Electronics,284,5,1420,Morocco,East,Card
2023-07-19,Keyboard,Electronics,718,1,718,Morocco,West,Card
2023-12-05,Table,Furniture,1567,5,7835,Italy,South,Card
2023-06-25,Laptop,Electronics,1709,4,6836,France,South,Cash
2023-01-24,Keyboard,Electronics,254,1,254,Germany,West,Card
2023-07-26,Pen,Stationery,296,4,1184,Spain,South,Card
2023-07-21,Headphones,Electronics,1884,3,5652,Spain,West,Online
2023-09-08,Phone,Electronics,1825,1,1825,Italy,North,Cash
2023-08-02,Headphones,Electronics,830,3,2490,Germany,North,Card
2023-02-13,Table,Furniture,378,4,1512,Morocco,North,Cash
2023-09-13,Chair,Furniture,1809,1,1809,Italy,East,Cash
2023-04-15,Notebook,Stationery,1161,10,11610,Germany,North,Cash
2023-09-11,Table,Furniture,1649,10,16490,France,South,Cash
2023-09-05,Chair,Furniture,887,2,1774,Germany,South,Card
2023-10-22,Pen,Stationery,704,5,3520,France,North,Cash
2023-07-27,Table,Furniture,1863,4,7452,Morocco,East,Online
2023-03-25,Notebook,Stationery,1940,4,7760,Spain,West,Online
2023-02-26,Monitor,Electronics,1579,1,1579,Germany,North,Card
2023-07-01,Phone,Electronics,916,3,2748,Italy,North,Card
2023-08-11,Phone,Electronics,1189,1,1189,Morocco,South,Online
2023-03-11,Phone,Electronics,311,1,311,Morocco,North,Cash
2023-08-27,Table,Furniture,1213,1,1213,Germany,West,Card
2023-01-23,Chair,Furniture,77,7,539,France,East,Card
2023-01-05,Keyboard,Electronics,855,1,855,Spain,South,Card
2023-03-13,Keyboard,Electronics,200,5,1000,Spain,South,Cash
2023-07-21,Laptop,Electronics,1377,7,9639,France,North,Cash
2023-08-31,Phone,Electronics,354,7,2478,Germany,South,Cash
2023-10-03,Chair,Furniture,1133,9,10197,Germany,North,Cash
2023-11-29,Keyboard,Electronics,1114,6,6684,Spain,South,Online
2023-01-29,Phone,Electronics,623,9,5607,Germany,South,Card
2023-04-19,Tablet,Electronics,145,6,870,Spain,West,Online
2023-01-15,Pen,Stationery,678,6,4068,Italy,North,Cash
2023-09-28,Tablet,Electronics,1291,4,5164,France,North,Card
2023-04-03,Chair,Furniture,58,9,522,Morocco,North,Online
2023-12-23,Headphones,Electronics,1757,9,15813,Spain,West,Cash
2023-08-19,Phone,Electronics,1832,10,18320,Italy,East,Card
2023-09-11,Notebook,Stationery,361,7,2527,Spain,East,Card
2023-04-16,Pen,Stationery,1670,7,11690,Germany,East,Online
2023-05-01,Laptop,Electronics,1924,2,3848,Italy,East,Card
2023-12-12,Phone,Electronics,492,4,1968,Spain,East,Cash
2023-04-12,Tablet,Electronics,807,9,7263,Germany,North,Online
